,"Угол нашивки, град",Шаг нашивки,Плотность нашивки
0,0,4,57
1,0,4,60
2,0,4,70
3,0,5,47
4,0,5,57
5,0,5,60
6,0,5,70
7,0,7,47
8,0,7,57
9,0,7,60
10,0,7,70
11,0,9,47
12,0,9,57
13,0,9,60
14,0,9,70
15,0,10,47
16,0,10,57
17,0,10,60
18,0,10,70
19,0,0,0
20,90,4,47
21,90,4,57
22,90,4,60
23,90,4,70
24,90,5,47
25,90,5,57
26,90,5,60
27,90,5,70
28,90,7,47
29,90,7,57
30,90,7,60
31,90,7,70
32,90,9,47
33,90,9,57
34,90,9,60
35,90,9,70
36,90,10,47
37,90,10,57
38,90,10,60
39,90,10,70
40,0,7.8561665470184598,64.301963848121204
41,0,7.4015425670115702,19.2505331367488
42,0,6.6757803392663,78.623299339477398
43,0,7.5263983201197,38.176975316572999
44,0,8.3256992202569595,46.0454276299509
45,0,7.6562108750885303,33.571023558478799
46,0,10.302944722577299,39.234279792954297
47,0,8.9468911206786803,72.084594091664599
48,0,3.7466249772184699,57.997772182101997
49,0,9.0943636774441696,44.801600571931502
50,0,6.3037728456027899,72.152018731885207
51,0,7.2579618310851997,50.219835534504398
52,0,6.5479929444201597,74.218876605685395
53,0,6.1461253214982996,70.355404330371897
54,0,10.050718279768301,74.156665649994295
55,0,9.9125262437548791,71.144816089433505
56,0,5.6469143985951202,75.952310685940205
57,0,6.2550576844379302,32.878738287025001
58,0,7.3104375158669903,63.861306066693601
59,0,5.25689909291407,67.183056248355498
60,0,2.3026551331592602,65.807649039058205
61,0,6.7936773841988796,47.294983457696503
62,0,6.2811496770176998,72.2928799487037
63,0,4.9850833494455697,38.307342320859298
64,0,6.1913302964010999,31.804141156793399
65,0,7.7827112877742204,54.633817622754698
66,0,13.199006994243099,66.363022872023095
67,0,5.0828556260706197,50.405847788056001
68,0,10.622886371058099,47.549771480079201
69,0,4.7958623122918702,37.404762498869601
70,0,5.1829353344974196,79.5140703114715
71,0,7.4217041497536496,58.238503603810202
72,0,4.5459247020501996,63.3257037998115
73,0,5.0813573687866196,62.4221341358259
74,0,8.4890602267475295,23.898195770276299
75,0,4.5684626048578902,52.640574691002101
76,0,9.2455854311818708,40.608102688602102
77,0,11.6440483301461,34.929571712005902
78,0,6.84503635293727,49.7538584337575
79,0,7.9841456273178899,51.058868179930101
80,0,4.5164993330984702,45.9672825207508
81,0,5.7643770288708902,73.353526221405602
82,0,2.0812943067641099,58.913323211187098
83,0,8.7254368581560797,67.011708123735303
84,0,6.5811728391591897,29.949072428755802
85,0,4.7642291002048696,70.495157903980598
86,0,6.3042497488103297,58.4019728380879
87,0,5.5926134051808596,84.840887537701207
88,0,9.0251197818726396,55.973863086436502
89,0,10.117750611131299,71.594706298912001
90,0,10.991703081012901,38.115398558165097
91,0,10.330215526903901,64.569988993696597
92,0,7.0166224224801299,48.667644386459401
93,0,7.53435720569406,37.495136134076802
94,0,7.3881667735738104,45.4597781589653
95,0,11.891770730628499,49.361683208957601
96,0,9.1964505177004092,49.130186923699
97,0,9.4543502181642705,38.754209855529801
98,0,1.45037472772178,54.988934752882599
99,0,4.4022475926730404,48.959083923474402
100,0,4.5128254975583397,46.775468734391303
101,0,7.2066146250370302,41.388437231103197
102,0,9.5934645122198994,35.8816026588052
103,0,9.3124629313946805,71.487826931694798
104,0,0.23966031780142799,69.153352411642103
105,0,7.8603970382851198,72.129228706346495
106,0,7.3635993558553103,69.172336831785401
107,0,10.3700408327645,76.169657377519201
108,0,6.7075225527721498,49.242830520278602
109,0,9.9030895116672006,45.319429807348598
110,0,3.7085151829721599,78.380005546816193
111,0,6.5831230974680404,50.052098562096099
112,0,4.3783065959276399,84.132778230725194
113,0,9.4532690697674493,52.391669099269201
114,0,14.051382818000199,74.4690023081356
115,0,6.5879139362845303,34.407934234526998
116,0,5.6805105686957997,70.744708627309393
117,0,7.1905383478049902,92.042139382670698
118,0,5.8677051048792697,59.620425609891797
119,0,6.23231913614568,77.140354890290695
120,0,7.5677231136102003,57.061357176836196
121,0,1.73474402022773,67.487314036867502
122,0,5.5370320726367703,66.848536123448696
123,0,5.1363254302206096,42.323085622101502
124,0,4.0036231571082697,35.281376179702697
125,0,4.2958566176614896,40.237716184772196
126,0,7.0072423159637403,66.546946856465297
127,0,5.4545778329934498,32.776249584535101
128,0,7.1747278812155102,49.160636099385499
129,0,4.9296033711003098,38.285706299303499
130,0,8.9648768166723691,66.719741998041897
131,0,2.2717543530081601,45.713808758000603
132,0,4.4878357059845797,45.560075011223901
133,0,4.6073304191630697,66.6687588343177
134,0,6.6978383200866096,64.798020303166794
135,0,0.31081533806580203,70.157258758990807
136,0,5.3563124300853202,40.234476641581701
137,0,6.8469991695026398,39.270565275780598
138,0,4.6459579978881598,74.898954086924405
139,0,11.3753589895885,51.236908007001901
140,0,5.5068401168125698,98.202602752814698
141,0,2.5117831977171101,50.303037561374801
142,0,4.8060825094264503,67.243245865815297
143,0,7.1508855354080403,48.315935564454001
144,0,10.128936105365399,50.260097187745799
145,0,8.4254112389824094,40.733647481103702
146,0,11.502646206463099,54.590867633765299
147,0,3.19421502194393,70.182557109298997
148,0,4.5708923112566904,78.547358040411794
149,0,4.0364641796657299,60.329680225781601
150,0,6.5746059731595601,35.0798651563832
151,0,7.4215193046217101,60.048778328820298
152,0,7.55738704756393,58.732672166122299
153,0,2.2714964686069101,60.831174180821499
154,0,5.1673486055356204,47.2647613528896
155,0,8.4892677607858094,57.849399233937199
156,0,12.045283804877,62.205635219318197
157,0,5.3857219001394698,39.4889334141116
158,0,1.1477527486606101,65.94476244773
159,0,6.7817712926232598,43.337652385146697
160,0,0.39019069576320098,51.570139356638897
161,0,5.5106190700563804,67.615311485726806
162,0,5.9034082661287899,72.5749217150872
163,0,4.2473905784927002,28.757218897990999
164,0,10.8732869754276,32.195470498230797
165,0,5.6651336878329204,88.072489505050498
166,0,2.7098283686010398,71.026653461182406
167,0,6.5354452186147496,36.6820981262846
168,0,9.3383687932655803,53.456506506908397
169,0,6.8939732708055699,86.012427009861099
170,0,4.4097399328639497,75.627835614767207
171,0,9.6256899405410898,37.3506528068528
172,0,7.2081468898596599,35.768811352192202
173,0,5.1174766064370401,34.781543724448703
174,0,4.5486978404868799,75.1154829407335
175,0,3.6865350930377199,44.3694843296568
176,0,4.27108154478789,82.723680531841794
177,0,9.3494351425917692,37.288152520252801
178,0,4.6265605978336097,52.417592843318303
179,0,3.7170148708888702,54.605553747797103
180,0,4.9044854435407599,49.898566785655198
181,0,5.7735078447637598,65.522522404654893
182,0,9.4186512797055304,52.511618379405299
183,0,10.3216277867475,53.604478841829597
184,0,5.8713582610972699,73.181027455953696
185,0,5.7831650183801697,36.911050743026202
186,0,6.9686975935781197,61.2898015181745
187,0,7.4823115585188296,36.005808499301502
188,0,3.1121472478782199,28.661631627812302
189,0,5.4774809033823804,64.214165350915195
190,0,11.4711515577436,35.0051209324929
191,0,6.6534132922310896,39.234558049125901
192,0,8.1474162495982299,38.151972055339897
193,0,9.9929509066745403,92.963491947747301
194,0,6.9992218176627503,58.9856431742854
195,0,5.8711962781829099,47.875244655886
196,0,4.2147743928541299,55.766727236429098
197,0,1.4921066255439499,42.2389415041878
198,0,9.5013630734856402,57.557283098485897
199,0,7.0000588927921603,56.726677127467099
200,0,11.1373445335983,37.407279122308204
201,0,11.8321915257137,71.818784557748799
202,0,6.3590101803705199,57.695460925158002
203,0,7.0787540420612398,78.179153362356601
204,0,8.9053325928621891,78.994094333404902
205,0,13.2462193161681,77.464111085587007
206,0,8.1142763029055693,49.064065616910298
207,0,9.1383785500223702,52.364354454072803
208,0,3.9062245476871902,50.741725311296499
209,0,9.4758521852071702,80.469260520522496
210,0,7.5221959487216701,61.521658179314201
211,0,12.2876658507528,73.044780973284006
212,0,7.4998018721294599,36.039209635357501
213,0,4.0038516362739998,59.796446020470697
214,0,8.3197778543043999,56.790525342049001
215,0,3.9107165642996198,40.355662412724399
216,0,0.145034143027886,54.138755574010602
217,0,2.5116466767809098,75.348275028542304
218,0,13.732404403383001,64.510464751355201
219,0,6.3781777915392199,46.076893781610799
220,0,7.9615030536175198,63.665478211923599
221,0,5.0764831485609196,70.979715615683503
222,0,10.7513826338418,74.093997423597898
223,0,6.8539630141587899,45.453985073540302
224,0,5.80183338184451,73.541409076416102
225,0,4.2288622539588197,33.939124077417198
226,0,5.1777278371795301,47.3577015169692
227,0,6.6252092887138998,43.354425352697703
228,0,7.0884639255765798,83.183835972686296
229,0,8.9244496584009791,72.954293684075594
230,0,6.85131597512712,45.148400060322601
231,0,7.5892924439567597,43.9961698414144
232,0,1.9707643985102401,67.0569955726275
233,0,12.0118701433514,20.571633330644101
234,0,8.1197842944067293,56.568931146166697
235,0,6.3886558705980399,76.673824492629194
236,0,9.2305685018196204,55.858785226007903
237,0,7.1814582668905702,30.8826947324945
238,0,4.1637786701665602,62.965704138833402
239,0,6.9770262369290501,69.0713014251358
240,0,6.4226911063193901,62.679419628418401
241,0,5.6023845840883402,74.402579901303099
242,0,4.1346403137228096,47.407852472964699
243,0,8.2805592828382792,46.080346756460997
244,0,8.6739958407326494,66.167001189293003
245,0,8.7723163271746607,72.417064530036797
246,0,3.6409912982124801,65.325911593183903
247,0,8.5658121731802801,85.987173793448505
248,0,6.9107446163682296,43.9076879570936
249,0,2.4382432141151802,53.971899217733203
250,0,7.1939847102867498,54.673485907186901
251,0,9.3921766140221301,46.008293558642102
252,0,7.1100989822686502,60.195562777930803
253,0,1.69413674103014,69.251242078563806
254,0,7.4381047523630297,47.626611555465097
255,0,6.38489033954904,61.433558514929103
256,0,8.8308068379833902,55.305417020908699
257,0,5.7217818466338501,71.172862624819103
258,0,7.1813077518591202,50.3484424928007
259,0,3.02063040447181,56.9726673994466
260,0,2.9785893466945699,59.874328231052402
261,0,6.3068787511352298,28.237746395399601
262,0,4.4091391463778304,53.8957824667146
263,0,10.1991975311829,60.631701129839897
264,0,2.8411285566328002,76.390448828436803
265,0,9.2916861556673709,29.745849062205899
266,0,13.6539870540166,65.153104606979994
267,0,7.0435437275208201,55.662070269511098
268,0,4.8039953004296896,79.931963835973505
269,0,8.2630463137479406,47.560567448071801
270,0,12.278579537182701,53.714942598034099
271,0,2.86772907393732,55.4803871584365
272,0,6.7027843916807104,48.330606819775703
273,0,10.046998960867899,46.842508547782401
274,0,7.4071658637523798,62.806230138891998
275,0,2.0945317991676098,61.380456375844297
276,0,10.2996564468984,78.443494865766894
277,0,6.2113278206207303,69.937499788113598
278,0,0.93946247396996796,78.429082811642601
279,0,2.7884763494097702,11.7401256604075
280,0,9.0594053182837495,31.674188784683299
281,0,5.5773628348220203,56.839884984174098
282,0,5.3012320143768097,51.2739888785012
283,0,4.8478031943554996,56.692859297509301
284,0,4.1856046238842097,31.218450016944001
285,0,7.01618193548296,67.4489848034586
286,0,6.9682861369745401,62.227744733039501
287,0,11.3610125448376,50.031690904904501
288,0,3.7111395414241199,53.112073779753601
289,0,8.3691853612819997,36.7708876868343
290,0,4.7697328097937799,61.964361798250998
291,0,9.5560813708525796,58.099091415162597
292,0,6.63021056385156,50.363986496029497
293,0,7.9561544543842802,53.924111911017697
294,0,7.7157325879927301,59.336579710913199
295,0,3.2542961748396699,35.514284061699499
296,0,5.1890037811854199,67.452870335954799
297,0,2.5117040880478099,56.270949552393198
298,0,4.6502620068138798,63.956692060725103
299,0,3.1752592467973901,39.659033633134399
300,0,8.7191209997673997,43.3061782428275
301,0,7.5814483910474904,54.735428317548397
302,0,12.7238863079499,68.647153062841099
303,0,4.9620360627505198,55.260701988435699
304,0,2.98110577797424,49.5164391115865
305,0,7.6249570414171304,54.838584940201102
306,0,8.0396125074849998,52.230746032289098
307,0,11.8215655139881,58.824521000417697
308,0,9.6746286424400498,60.163069424962302
309,0,9.3973960410210307,25.682856287768399
310,0,7.5018205259307296,71.570027932029205
311,0,7.7752125482857304,61.420717039255798
312,0,6.4375136482462798,43.616047563126202
313,0,7.4010515402186003,66.918583476684503
314,0,6.5263705396883402,42.253595411632197
315,0,7.6531811264922096,41.002962959862899
316,0,8.5600549568319497,58.2717053359235
317,0,8.1825308997676292,53.264181004225001
318,0,1.26231024085104,46.253740982597598
319,0,5.36413871409506,54.581441834349299
320,0,5.9911876341457297,48.6359689714902
321,0,6.1838631103827097,35.816073728685701
322,0,5.1134662774389996,67.063660342268804
323,0,7.0346572536772101,69.355719476568098
324,0,9.5117372727225096,58.196301375721198
325,0,7.0646922048867902,70.0927279531398
326,0,3.3041565455183601,47.487812918092303
327,0,6.7205338856343202,62.012589253337801
328,0,6.3373219463100696,59.2296879213526
329,0,3.1119448327250399,45.097084197653302
330,0,5.04180934819962,63.794837417364498
331,0,5.9833571259457496,57.627905812889203
332,0,11.705105943884,32.147657394796802
333,0,6.4848490110215602,39.334261942388103
334,0,7.7488364527289297,57.919760059523099
335,0,6.4846777282509303,62.220947036222
336,0,10.1876723264122,57.615326943830503
337,0,9.09610093718406,55.158339736121597
338,0,9.3902430663613501,40.250977347767702
339,0,11.5650450757625,69.516832488908406
340,0,6.6558582598402296,62.395747549819397
341,0,5.0576088913723396,36.077296286733798
342,0,6.0325292022461499,66.066488416934504
343,0,2.8969731966630801,65.099617928406602
344,0,8.3575756664025498,66.357119700949497
345,0,2.2372707411383601,50.399850242317001
346,0,10.068041043686801,39.140889019431498
347,0,4.8943349392708297,42.220403921282497
348,0,5.52396939235516,23.143400560418101
349,0,1.56561345806319,40.471910861635102
350,0,8.6064112405926103,39.452706232628003
351,0,8.0991359720901297,34.658432938488403
352,0,5.9823631092066698,57.532956482659898
353,0,10.238653338854199,77.277728139663395
354,0,8.5695402088810209,51.240346805151098
355,0,6.8641211509153903,72.017090445097296
356,0,7.1300802818054398,67.566317943247498
357,0,7.3580268274113996,49.360765483973204
358,0,7.3765204130456796,64.462207881839106
359,0,10.7959972439963,70.768816251375398
360,0,9.7180228130598891,52.698106966704103
361,0,5.9395600930673602,78.847770906238793
362,0,2.18377334040551,56.139746461188501
363,0,5.1400352940646998,39.040889708565899
364,0,7.15974731901224,65.951287842403602
365,0,2.2156519282891001,60.921929495891497
366,0,7.4650669344695002,41.246452025575302
367,0,6.1173121079864199,45.541834804649298
368,0,6.5113288795252702,54.068751567865199
369,0,8.6645520742666697,27.0193744351911
370,0,8.7790192058718706,43.709841597575
371,0,2.7860714437573399,70.9227155625981
372,0,10.402628600686,70.169845820097507
373,0,6.8185468163480998,63.078186210612003
374,0,5.9079321029388296,55.948455248848802
375,0,6.7768884254832402,49.697310674154302
376,0,7.2599106263465796,53.415599266037901
377,0,9.6991555749513196,79.808090623049793
378,0,7.3171682614488596,33.326278673510799
379,0,5.1544710540496599,77.355589532918103
380,0,8.4656724595835495,50.636438627294403
381,0,8.7797421698810005,64.056561309315498
382,0,4.4466551948105604,53.049263414805203
383,0,10.545705632378001,26.647154489023201
384,0,4.9947302251268599,54.334227130916403
385,0,9.3279967966836406,82.956157480923807
386,0,9.16070548250012,84.310765383460506
387,0,6.6508909252661699,62.726164484967001
388,0,7.3037755374976596,52.922258163589902
389,0,3.44905714911798,27.272928006329401
390,0,7.58315260345345,65.179873526512296
391,0,3.9868588346015401,57.341919846992901
392,0,14.4405218753969,47.713362028126802
393,0,9.5420902181537208,36.570016092445002
394,0,5.3120183796630798,73.293925467904302
395,0,7.7987523089111903,37.191772599401901
396,0,5.4718430104892901,59.028863743116702
397,0,3.42554681102366,39.653789255742801
398,0,6.7486801356699004,57.163939745880903
399,0,4.5385705839520298,63.561645123594303
400,0,11.8541259171825,61.238862124955197
401,0,8.3563686613874602,64.522594536720703
402,0,8.7498522169719006,47.176345369126601
403,0,6.5423800443751698,46.237886348315499
404,0,3.57040982104632,64.040964641929193
405,0,7.7079849130716802,55.619032090131498
406,0,6.9045618627084497,58.523246951233297
407,0,12.6348439506841,37.5473728604751
408,0,5.0787083170252103,82.750271476016806
409,0,9.4242252037024699,78.494152616601099
410,0,10.8729401578873,76.945580545325598
411,0,4.9966539321095604,54.513715536880099
412,0,9.5828224262965396,55.278331478677003
413,0,3.7094324172435398,49.603229393051798
414,0,6.3707977789431602,52.422362537853502
415,0,5.1976500347466503,61.436122208919997
416,0,5.3153382165774099,56.004141250304897
417,0,3.6821708536398301,82.011014044649997
418,0,7.8233524083116404,60.371372018027998
419,0,13.378772113230999,50.934182113909401
420,0,9.7855483896165598,56.094595052535901
421,0,8.7096375643957096,66.634539607183001
422,0,4.7203735373625904,43.795879370179101
423,0,8.7578774308432301,54.076432234118201
424,0,3.0905145096907898,52.261240212110899
425,0,5.1309752922037504,35.439453261687902
426,0,6.1050345775064798,27.891888320878
427,0,7.3835163413902203,69.437047717636403
428,0,6.93664894772939,66.339134851904404
429,0,8.5343412139738,70.816785795630807
430,0,8.6632750719448808,37.932960995777997
431,0,3.9300567366857999,43.082372612466202
432,0,3.6318159824065002,43.830897966016103
433,0,6.2510049890761703,60.432234421060002
434,0,10.1107223466598,80.918146648325404
435,0,6.28629261592903,50.709233141705802
436,0,9.6526065856742491,62.1245628888433
437,0,7.0688220603992704,83.957249371349604
438,0,8.6748675220502403,15.4160755126792
439,0,6.7661874140517,46.974336341421697
440,0,5.4805325977952002,54.780539522831198
441,0,1.2545457528233199,63.104127360892697
442,0,4.59600097798823,68.464117125995699
443,0,7.6154162396852199,43.835162613313202
444,0,3.7178844734882399,48.955385423527602
445,0,4.2975263916491704,72.555723071854004
446,0,14.0332153037961,52.004278621204797
447,0,7.5391726097468998,52.2468842156823
448,0,5.4755477097805496,62.185718551877002
449,0,7.8181405894088796,85.660996190937496
450,0,7.5522989464763803,62.041657196839402
451,0,1.41718422752851,62.845996025037898
452,0,5.9614079266303603,57.3832325120216
453,0,12.452169131993401,44.471612401903798
454,0,9.3376547427325001,48.0154646967015
455,0,3.40256327991225,63.435894029181597
456,0,2.06870738632617,39.098984362606799
457,0,12.5017200038005,79.856459813429893
458,0,9.6195767524660099,65.1521543630558
459,0,9.5445692838929403,77.507423589932898
460,0,9.47598628941466,80.8101069586927
461,0,7.1934118726786398,17.934408194383501
462,0,4.1123664986689104,69.024734031889594
463,0,6.7080616211269799,41.984468073833199
464,0,4.4474984878365502,103.988901301494
465,0,5.8970573134794098,88.8076471500205
466,0,5.9883568234335103,24.860511324958299
467,0,2.8006765642641498,74.782930357663105
468,0,8.5861221488026498,79.737250083804199
469,0,8.6092130407256207,43.814552380196197
470,0,7.3912045822838701,51.709125541849097
471,0,10.0814892147959,45.167994505912198
472,0,9.9382796704970406,46.014722638999601
473,0,7.2366704276753797,80.029349304206605
474,0,10.782063055678901,43.906963519424103
475,0,5.9654447357366598,53.5969216757399
476,0,2.70957704379724,32.765854920008501
477,0,1.5980442982067999,55.494542378520102
478,0,13.5719207023593,60.756300638635601
479,0,5.5367624292704098,69.819229588750005
480,0,7.9278455080607699,37.3274352578281
481,0,6.6048748235902304,24.283522951106999
482,0,6.2565226187632499,70.039032893736803
483,0,5.5369242932236604,66.056243044443207
484,0,5.7228292199660196,63.183716199180701
485,0,10.100177697111899,41.406415926358697
486,0,6.5051820007886096,59.304158272787902
487,0,10.4661311047485,82.525492794736607
488,0,6.5165692249288103,37.762896935465903
489,0,5.0300845703981603,47.430894945229397
490,0,8.0030674890916504,50.3615430690826
491,0,8.1313391884342394,44.3975470025729
492,0,7.6498968618602303,33.846074197991904
493,0,0.57183487194070803,36.628877802965398
494,0,6.0633585717398297,80.743004804201504
495,0,8.7170436089613101,69.800067894486105
496,0,6.6395768783350597,26.5598943659292
497,0,0.73025986951239796,84.015246720220006
498,0,11.696159833209499,64.409160124169503
499,0,1.6266902560888901,51.829634063247198
500,0,8.1454757730553897,73.273082155447895
501,0,6.5357281080832896,56.760985919869803
502,0,8.6484308012478301,41.091749220186799
503,0,8.8150395999738507,52.1342102931795
504,0,5.2671425958115901,37.950851655356203
505,0,1.28005723493344,50.323463194435803
506,0,3.2067053137619701,62.6680601339812
507,0,10.904625519503201,46.755740555488998
508,0,2.8604660165853399,89.876615510364601
509,0,12.6789272796874,51.0793335218397
510,0,5.2265524324161801,57.255496291211301
511,0,7.1488675309455498,57.6763377519706
512,0,8.7290370197592608,28.9715301823421
513,0,12.178795027297801,45.759899958288401
514,0,10.511941005020701,53.236486289098401
515,0,10.2468500433227,65.442894049336104
516,0,8.7535616673549104,50.099022801743203
517,0,7.2600301204984499,57.094641314633101
518,0,5.3648356802236998,72.400850744726498
519,0,3.5155421237156101,28.3824774111668
520,0,4.5906181458801703,50.328562626217597
521,0,5.8515864016566503,84.669110776130495
522,0,12.432876605504299,63.229779252960903
523,0,5.5454386668810098,54.604250705581201
524,0,4.9078868535619602,48.035747858377299
525,0,5.3332139791785904,44.180649607605901
526,0,8.9156787418639798,53.476515403989801
527,0,6.0774790453350196,49.456180264779398
528,0,6.7033239620575804,54.588162180948203
529,0,14.3764512763632,46.452597572092898
530,0,5.2883713428164603,33.8506092046022
531,0,3.0345824275119702,31.796843019050499
532,0,8.1029886315390307,62.697717777538301
533,0,12.354475710481299,55.617045754543298
534,0,7.2544645375190999,60.0941534164524
535,0,4.7867944699805198,53.248529074660297
536,0,3.4805378067683801,74.885666446334895
537,0,5.7295552096395204,64.447476246471098
538,0,10.7404923168958,49.158838249685303
539,0,6.0664740202493403,56.798074696025701
540,90,6.8063657024608704,57.286344229890702
541,90,8.0155607561905899,70.035767159855297
542,90,5.9465345375727896,56.228183936229101
543,90,7.3830277255822603,64.181047108892002
544,90,8.4792586889343902,65.264243827611296
545,90,7.34881398517319,77.644880299537704
546,90,6.0245195517677601,49.631222723049902
547,90,11.424390441804899,44.2920023594207
548,90,9.3790637926285196,49.540730658168499
549,90,7.1746197087179402,58.400998388497896
550,90,6.4326570759201802,55.383653733867902
551,90,6.3844070969187596,43.823606814224199
552,90,7.8632361533103001,53.5512816719204
553,90,8.3072352696314908,62.202308510301101
554,90,7.6283685372732704,64.196459455014207
555,90,4.24421127790849,66.668499624799495
556,90,6.7008731435780096,51.9515577383834
557,90,6.43519661412045,55.7704755407104
558,90,8.5864632919155408,55.063836034453097
559,90,5.7093216225793002,50.55621574896
560,90,4.8402925281219797,72.531843307011201
561,90,11.051848525197901,63.7098164318286
562,90,5.7903407963161202,56.158437435147903
563,90,11.3127243322909,66.0865948029451
564,90,4.8305545328301402,57.205012727006199
565,90,6.2243343966798701,47.385149308577802
566,90,7.4682432183860703,64.854935976211493
567,90,7.2229744987054403,74.685180258193995
568,90,7.4542819614278999,54.9316195399606
569,90,5.9359336399128404,62.326305366745103
570,90,8.6130544745707294,62.127330972965702
571,90,3.9299247072836399,51.783867949761699
572,90,6.9282471560354999,55.051368991272099
573,90,4.3587017641097496,54.810246615406498
574,90,8.1208006052401807,63.980008028175
575,90,10.8575477302791,73.891669836013506
576,90,7.2537870531823003,54.714813699158299
577,90,5.1557586659119004,63.994143931855298
578,90,9.5594628583235508,70.851843597058206
579,90,5.0050670683006899,70.664878400231103
580,90,8.7875287989801407,49.844565891249303
581,90,9.4435270696404796,56.045618208648797
582,90,9.3152872981039803,57.960591138084098
583,90,3.7033748260590902,54.092673013705799
584,90,0.26875555756259301,75.340928955824296
585,90,7.9333678254712199,46.944360510853599
586,90,4.5324700189054399,68.337055254024506
587,90,9.7523795586253907,59.888382429113697
588,90,6.04781300870515,50.654181557839699
589,90,7.8091475109302602,63.137907465340298
590,90,7.7650512184576304,60.985893713441797
591,90,6.9826370587941096,61.338391713272998
592,90,8.1003873342095698,54.843521314777803
593,90,4.5199537631566704,63.838885504418201
594,90,6.0016732854940802,42.3183181231189
595,90,7.6781601563158199,58.6921887283224
596,90,6.0853256955197397,58.973421141514301
597,90,8.2370297097547596,46.576460467321297
598,90,6.7555611070647101,42.867511574126297
599,90,3.4418638811126998,62.123883281575402
600,90,5.9133513933494699,68.577317456322405
601,90,8.3823159092463992,53.328319303329501
602,90,1.7007477596965099,72.209738918556397
603,90,5.3792817516837097,63.488604182572097
604,90,10.264664233486,73.738349768221994
605,90,8.1396449349284499,56.326376254097603
606,90,4.0760530086026998,57.4999880871272
607,90,5.8020156178197198,69.435662647672004
608,90,10.154590506296101,63.195156040204402
609,90,11.649870840602,62.109743691965903
610,90,6.0270062180119597,76.381450743950893
611,90,5.8603571939889401,61.8909517812397
612,90,6.37401990751989,56.332102656384897
613,90,5.5492209488068198,52.714374218886199
614,90,7.2083663261470097,68.740522721812994
615,90,8.0627460107171807,69.034242287966094
616,90,4.3979853681324004,57.2073778308756
617,90,10.375472755803999,45.836825980696197
618,90,8.7762098642572806,58.450718753905598
619,90,7.6202554729103502,47.066206664382598
620,90,6.1219275164315299,59.815339482111199
621,90,10.4211837512579,62.674085651368998
622,90,2.4698110374889501,63.942763381037501
623,90,6.8293039821689003,58.165195923043697
624,90,4.7893670491264997,51.733987326504298
625,90,7.3180788383936797,48.090477689760803
626,90,7.9556136684192902,75.918565557360793
627,90,10.3706076775882,62.735678394192398
628,90,5.3010397740702899,55.063857586502301
629,90,6.8920187971195999,55.521248028060498
630,90,7.2580481344966596,52.516105242977403
631,90,10.205081023779799,72.906770334214997
632,90,3.9835202615691498,46.4274627853205
633,90,4.2644026230794498,51.219410952847099
634,90,4.8975551069790804,59.729149294773201
635,90,8.2308106738888398,46.367372342755601
636,90,7.0731339915691898,52.399575756588803
637,90,6.2939216115109797,58.829747501402601
638,90,11.4204399486668,52.6042642498265
639,90,8.9489954381531707,61.543949362601701
640,90,4.9452549027093804,51.945278942269802
641,90,8.2443704158506197,49.244695196556002
642,90,5.8761834317996398,40.180910926425497
643,90,9.5787932581620794,71.234540248410894
644,90,7.9407843886308296,61.511381528768602
645,90,3.8514199426486599,53.582761470746902
646,90,8.7908631274000193,70.645200207919203
647,90,6.1275545263568301,54.434751735927399
648,90,7.6948329552227799,56.364748609725602
649,90,4.4862411027334703,52.235771882866899
650,90,2.7130449983304601,56.279666704978297
651,90,4.4107365415718904,54.0463745228232
652,90,7.9216005314916602,63.964180763024203
653,90,8.9841304291128399,62.284742205006097
654,90,3.6369833025049698,61.322979695338702
655,90,13.374854776897299,71.332088201194495
656,90,7.94555490742363,61.798402887874502
657,90,12.9536371834836,55.966834552854898
658,90,4.9075690690523501,62.735554102866502
659,90,10.9456139522821,66.722998441069805
660,90,7.6278150670280196,64.056357235903405
661,90,4.6037159109068497,66.377047518592406
662,90,6.42792464626402,50.713051555080803
663,90,3.0677480845159102,56.424092086210401
664,90,7.1906501120991404,47.984943251863399
665,90,6.1653475445845398,50.823674878408603
666,90,4.3942177632178501,48.126647231220197
667,90,4.8638956417978303,66.902345024642401
668,90,8.9857184530482304,53.927701011935497
669,90,4.9471401307686804,58.284323461621099
670,90,9.5136587861796098,50.209379012711601
671,90,4.3041015965805602,47.315782837761603
672,90,9.0575674375587596,68.253198846183807
673,90,8.1603062274570792,58.039017632445301
674,90,0.30572260308382498,73.389837810772605
675,90,5.3669603417848801,58.355218233335698
676,90,6.2728445739480803,47.322437210504098
677,90,10.988621628342599,43.848511703619003
678,90,4.0909844825359798,60.577882215210302
679,90,4.5125992403724604,62.475083156578201
680,90,7.4466674667470798,69.652585278072394
681,90,5.9845650276398796,64.181330803865507
682,90,5.2049781474949004,50.572548101611702
683,90,7.06878134475064,64.552828513336195
684,90,4.4467950859938101,56.260700325006802
685,90,11.6554628279876,55.017232856240199
686,90,8.50788984149413,66.487421281643606
687,90,5.9312612209634601,51.433873519232101
688,90,10.596865349953299,72.371383497749406
689,90,8.2624724049663403,47.813665356289
690,90,6.9305382361913397,47.989249104635398
691,90,6.2600671985904901,50.735052456075501
692,90,8.5034532991460896,64.597785848709506
693,90,4.2017906723122804,62.5120643123063
694,90,3.3927650476924902,60.137834334429002
695,90,3.6565300662956202,49.9947978796529
696,90,7.5753619912319703,63.482075846021203
697,90,7.6158735414853904,64.619238403687206
698,90,10.853242136442599,54.193898012075202
699,90,7.5187211360330704,72.813177462114993
700,90,8.1013427658354207,65.497143745848007
701,90,9.1278818937326704,54.495993573855301
702,90,4.3952538484555399,47.042864386586501
703,90,4.0631830407848399,61.764554549713203
704,90,4.6853898863144199,58.608490941892697
705,90,6.6329021899118104,55.3516361501663
706,90,8.0290738261926702,59.298684401674301
707,90,9.2526719876605696,57.881817848473702
708,90,5.9593592544606198,49.259128732998299
709,90,10.883420902418999,67.231404578750201
710,90,9.8451681352391098,57.443954784258899
711,90,7.7324363744300104,57.870470847323901
712,90,7.7850637978569202,59.836554638071803
713,90,3.26897532345737,67.038823593597101
714,90,6.7094067498661003,52.366516217459001
715,90,10.198703102224499,63.742400830969899
716,90,9.28202351128364,45.465040950576601
717,90,5.8668499903274203,56.208926202031499
718,90,4.8456609896125897,50.952915075989502
719,90,11.946137462891899,61.485847221670298
720,90,9.1841967910042008,65.789546876806796
721,90,7.7689861703385796,67.045308486965794
722,90,10.594980871029399,64.5094467541185
723,90,12.402937827319899,64.578551719573895
724,90,6.0869654049152402,80.031619497814305
725,90,3.3377627612402501,50.547795937518501
726,90,6.1251848894702903,61.461203768256198
727,90,7.0652951094043797,51.143765764938102
728,90,9.94000282508296,68.968150111217994
729,90,8.0321851193802001,55.631652901379098
730,90,6.8012732825813904,62.269909742650498
731,90,5.2262070419762399,51.9154436616856
732,90,6.9161438559491,41.553819795919097
733,90,8.8845541021364394,56.015594007306603
734,90,8.6823436232268705,56.791691744975303
735,90,4.3859643465093399,59.485082881629999
736,90,4.4987038768725496,67.704662531074902
737,90,4.4969647950988998,57.5366114529808
738,90,8.22521988590794,60.409419516283599
739,90,4.5089879264497696,52.1158768158855
740,90,6.7859025498847396,67.326538518778307
741,90,5.1671534315591297,49.196800633850202
742,90,8.0672677161823501,54.296600016385902
743,90,5.7985866703529902,62.934956803660803
744,90,7.5505376688006596,55.850428886523403
745,90,4.0256625545543203,54.837548165863403
746,90,4.0546117294728399,65.577317496994297
747,90,10.2856116292471,61.662903093649597
748,90,3.4930688058150601,65.716308060869395
749,90,6.0228847809473001,53.592334101338501
750,90,7.0839547015878201,52.843871260344599
751,90,8.2854247928968601,60.029816701359202
752,90,10.519121698813899,53.803958140934299
753,90,5.2635224851895801,63.377778864117502
754,90,4.8464907611333503,64.481331187318204
755,90,7.2130990999084297,50.353296377540403
756,90,7.1397019590034496,48.346839105055899
757,90,3.1634185073465799,49.468292080885199
758,90,8.1135694964163996,72.7848837742456
759,90,5.37633207671918,52.977355696509299
760,90,13.371038850606899,49.177519263809003
761,90,7.4093989610561,55.4029469129351
762,90,3.4559914738443198,62.789173675071602
763,90,8.2234535554433101,56.831727310214099
764,90,10.3878698164387,68.467306285848906
765,90,8.5531250229726492,58.721740457137798
766,90,4.9660527969677997,61.411245636262699
767,90,3.98006783184224,43.107489731502497
768,90,8.3014400106610697,43.7074024421159
769,90,7.88954770562452,57.603262066149199
770,90,5.1087230445226499,55.226873195851098
771,90,8.3161918914381907,64.194886636251795
772,90,8.2928783752220898,62.231488379547699
773,90,4.3583391218907401,69.887214368357704
774,90,3.75658609703948,61.100532480736398
775,90,9.9174675348967796,53.197071750287499
776,90,7.6870680333031904,61.411912381091298
777,90,8.5505597486552603,59.167551821506699
778,90,6.6257794569706796,59.5221863789873
779,90,5.5032092362054401,59.222918977618001
780,90,3.8816698554123201,70.903899448320104
781,90,4.8164693578978302,66.442575120987698
782,90,9.7101650373805004,63.467185715897003
783,90,2.638171913501,53.7655675176537
784,90,4.3314429103166301,71.673396609407106
785,90,6.5551699155010104,60.322364902212698
786,90,7.2315421492561196,66.934401098703603
787,90,4.6989964863501203,70.930591688679101
788,90,8.2839544102082705,62.979470535396899
789,90,6.7263474038720803,43.533321081123603
790,90,7.6464456616030896,55.136908649733101
791,90,5.2563262788326099,46.966045111001399
792,90,6.6339240199331098,58.9149951713269
793,90,5.9344719226807996,49.580382667460299
794,90,4.3972538572149302,42.673534974430503
795,90,11.0789219960315,60.532618368054301
796,90,10.0269887314202,62.612121271925602
797,90,2.0427717932912701,64.5174574283091
798,90,4.1848418997147103,50.1086449349256
799,90,6.7318569212252903,74.109337286491694
800,90,6.4122910798088997,60.878525357079802
801,90,9.9341056983180298,48.057205885978398
802,90,7.2754490206999902,65.260139730071401
803,90,7.6289232504665403,52.4882653149483
804,90,7.18418358631983,67.052627875312496
805,90,7.0100094875154797,66.165229282159999
806,90,7.8590558192439604,64.358245702043106
807,90,3.6557570506435901,41.309351295510297
808,90,13.4849451024425,51.305620903648901
809,90,7.8933351581658204,55.038357011160798
810,90,6.2367145891207096,50.0312610610058
811,90,6.4318905667470698,53.8061193705826
812,90,6.9991423689549999,59.739833463150497
813,90,6.5112278416175604,68.664498439513096
814,90,9.3140640687464007,50.850283374632902
815,90,5.0304485572587101,66.586669252463295
816,90,5.0699310092846099,50.577830249158502
817,90,9.1294476199937709,58.605182201806102
818,90,7.4080364583592697,54.043949550587399
819,90,2.4195486995912798,55.326406337803903
820,90,11.0463666453472,68.112438765991897
821,90,8.0565645216182595,56.3994033625073
822,90,2.5924263565101899,39.338976701089798
823,90,5.4168646706802797,45.708480212786299
824,90,9.0308724407440497,52.962311447810201
825,90,7.7636743797734704,48.865621003325202
826,90,4.5121330149803001,70.897369478102206
827,90,7.9364735691891903,59.694738278865799
828,90,7.6104313323217703,51.690374160332198
829,90,5.4243383579331796,55.608238413692199
830,90,7.9611927842017796,66.759727180846099
831,90,10.067123164616101,56.037886474436199
832,90,3.9864787669088599,66.039915217802204
833,90,5.9501178085888196,67.275023086597301
834,90,5.4311346573957504,63.492795874401303
835,90,11.704404057155299,53.744192677121497
836,90,9.3427732219572093,72.245242055173605
837,90,3.7153907430426498,55.747608716906697
838,90,10.3873810802504,52.761678881724201
839,90,5.7317484850773397,58.8721005700612
840,90,6.7559349889067501,58.560270711887398
841,90,11.062069754605901,59.789096244031697
842,90,8.5847997555386595,43.918628522995
843,90,8.7027148253478792,61.560520691140098
844,90,3.6157792699347802,48.585936035564202
845,90,3.19854591469496,53.758940888923398
846,90,12.124310634849101,49.725199267656997
847,90,12.656475303962401,59.474330839816197
848,90,7.7738392633011397,65.750679581933895
849,90,9.7857606489689992,60.920523239585798
850,90,6.4469669327108798,56.822869728109197
851,90,4.43400554151569,52.984731829019097
852,90,6.0744202245476,48.818081820064698
853,90,9.0830870841849496,51.911681233018797
854,90,5.8716793791053004,56.891311899562901
855,90,7.36197684761144,64.311939181001094
856,90,9.0060657605016292,65.732709173025796
857,90,9.5708237366504303,64.622001506700201
858,90,4.6924408444632597,50.858541512460498
859,90,8.6137760192683697,49.636952053153898
860,90,7.8568300725508298,60.199835534075198
861,90,4.9941432186821499,60.903530567470298
862,90,3.4439562327608702,74.827872710848396
863,90,10.5459740677091,52.505197340225799
864,90,9.0740716634987209,41.229327588569397
865,90,7.3436512548658897,61.0016569216573
866,90,8.0942924922023298,64.7987833323335
867,90,8.8883429386488295,51.811905280281103
868,90,9.6700769977645393,54.823989313680897
869,90,6.7848420075786997,66.539578436070101
870,90,4.8848372326721403,57.565187905394502
871,90,1.7633238365656501,72.825002284143494
872,90,6.9834364160061897,54.9041216673739
873,90,7.0942432653389602,71.525700337752895
874,90,9.0763420355300504,59.9399444690916
875,90,7.0830128095047096,68.403659850172403
876,90,6.5064213106573296,62.661268629107099
877,90,8.5959676102328793,47.8237101642789
878,90,9.2279245763412501,46.419165136976602
879,90,10.769812240583301,60.800672408683901
880,90,7.54781583991514,52.776995869252197
881,90,7.2598535769239696,62.728465827652798
882,90,6.3501639701525203,64.916830868497996
883,90,4.31477389277212,51.979237187123701
884,90,4.0884606884125603,50.860096741282
885,90,3.64049644342301,50.280644609563304
886,90,5.7030586215866901,42.771427980966997
887,90,6.2818310905020098,59.226627461589501
888,90,10.0305053253418,67.971345015193805
889,90,7.4723582727367104,56.653253265439901
890,90,8.2997203202241803,59.5635949925502
891,90,7.1992694589879598,65.291630396756304
892,90,8.7454186682207595,50.323342215695298
893,90,5.7352995801879496,63.950894661510901
894,90,7.1452838414646402,43.426528269558602
895,90,7.0190538414486996,68.9734143779487
896,90,7.69570628816368,47.170553621028098
897,90,5.8386427123664104,73.345328762636498
898,90,4.7481293403819196,59.1427904083058
899,90,3.4987449192984199,50.4557099992698
900,90,8.6971750513447095,70.523926206475593
901,90,4.7217702368263703,56.083906782446398
902,90,7.6837379881134797,58.4700050663036
903,90,9.8354413632639996,50.325025598270599
904,90,5.5355073345534702,70.674804215834598
905,90,11.423136495347901,58.7907147921822
906,90,2.8056276189359401,53.791949189497899
907,90,4.9768866488508197,67.110068070439596
908,90,4.6034464281244603,54.469380704715398
909,90,7.5206451800275902,66.618848244904598
910,90,6.3926401159117203,53.489158671887303
911,90,7.3820233255059602,63.0709028058277
912,90,7.7755571839158497,68.607840410151795
913,90,10.815308850045099,43.736501588160998
914,90,7.5561895090757298,57.827522358878397
915,90,6.0960993822398004,58.572281728467402
916,90,7.2438103135782699,59.824602326901001
917,90,5.8203276813444198,64.973091418181198
918,90,11.4954783267374,58.843197269265701
919,90,6.6245298478872101,66.958941307312898
920,90,8.5861204455497599,57.3152473219534
921,90,3.3108506103431399,56.770191677446903
922,90,5.6596689129115996,58.863854628026402
923,90,6.0767557958668599,75.435687428514299
924,90,6.7594236201364097,60.888620344868301
925,90,6.2319922058714301,59.239052491380001
926,90,7.03924881368388,43.926118800798797
927,90,6.9393514877842097,57.670300844736197
928,90,7.3215708314294004,52.938438429006197
929,90,12.8370015953315,64.056607218566199
930,90,8.0660523405820808,62.358606757093497
931,90,3.1906130337142899,40.080085044830398
932,90,10.0586302368589,63.3332567672526
933,90,7.9311038073515103,48.731020120574698
934,90,6.8606874570088499,62.032579514996399
935,90,11.3919454710064,52.887435223267403
936,90,0.0376389366987437,59.156843409327401
937,90,8.6505714200680508,71.108088765894195
938,90,6.8857638406488801,62.784927335171602
939,90,6.2602552861811898,54.932542252963501
940,90,8.3555926746927192,53.7577171711376
941,90,5.20656560328068,53.460332404874897
942,90,8.2733626651365899,65.028493740619794
943,90,1.52522998690178,77.909414719147094
944,90,4.64469471161879,65.504686054467598
945,90,5.7062720795808497,52.099577304520302
946,90,6.9473222518462299,69.7455140115744
947,90,8.4317182584188792,52.638796132383199
948,90,8.5823719224699193,53.3173239522147
949,90,3.9822044812686799,50.273632170451798
950,90,6.2709697855586999,60.483248268205003
951,90,5.2638507187326402,70.8284749403158
952,90,5.2485272995653096,58.737941491845703
953,90,9.2432246739055799,63.650691532267601
954,90,6.1758682812605397,57.627219473009902
955,90,9.2308481506930296,54.660267403462399
956,90,8.4615375235003505,51.985963601383901
957,90,8.0770330629732499,65.622231901698498
958,90,6.8452246234139897,65.130087139226703
959,90,5.2439695339963404,59.011513759091699
960,90,6.0674007439903797,49.2091407642245
961,90,9.9015044385760191,67.718896341514807
962,90,3.7626402049941099,49.643983346999903
963,90,7.2793010059602397,43.103989304227099
964,90,7.41075819549902,50.568878388981602
965,90,6.01093400368425,60.034398937423198
966,90,6.7390644405290097,48.7184172443758
967,90,6.7476806044510198,46.588098634876403
968,90,6.1732114472973398,78.543150433921298
969,90,5.6182806549140798,52.352975949483699
970,90,4.5173365761669197,48.264796403468402
971,90,4.9110986976485398,62.645859938452702
972,90,7.21964686350322,60.9800063392887
973,90,4.9945731033751803,66.3572687364437
974,90,3.4886301333593899,48.773365175267998
975,90,6.2095492063336497,59.474325608792803
976,90,6.1966724622551803,63.845757499618102
977,90,5.3174278360186999,72.460194492002998
978,90,9.9777837206076505,55.375074162130197
979,90,9.0429092234659993,67.255180999464898
980,90,7.5903501332282,56.20416382074
981,90,2.88971547841287,66.259254482095798
982,90,9.4268909649167192,64.509501475401194
983,90,5.6120816638306401,58.655072409173101
984,90,5.1136437690732297,61.998310220582397
985,90,11.0618577452313,74.288315367950702
986,90,8.4034349763898604,60.005337769503903
987,90,9.3309326239939399,56.349176586755497
988,90,6.5446600294532304,51.481758299073803
989,90,7.8275622648155796,65.077479461876194
990,90,11.4430576796202,54.3625875571229
991,90,3.6085725070489598,46.009743294909697
992,90,7.7975282108430797,49.458641077690899
993,90,6.9086280111818903,63.737054798147703
994,90,8.7847422001982398,54.227573237204403
995,90,6.7565645455579801,60.064018624553299
996,90,7.6265168591653199,45.148174763213099
997,90,5.6525245366827299,53.622745994437203
998,90,7.81250581046611,62.702041911096501
999,90,4.8438313613084203,40.734358849301302
1000,90,4.2122574256015701,71.960541627883202
1001,90,10.450892941016299,71.574356341602794
1002,90,5.2241742396069801,62.265682552068803
1003,90,7.0180371927626704,49.876233576912398
1004,90,2.7511010798806201,63.6817446946446
1005,90,8.4481104379398193,58.776644795975201
1006,90,2.45492264147448,43.072805845110103
1007,90,5.9313348805258599,52.986943893270002
1008,90,6.8917639167960099,50.209748630770903
1009,90,8.3079639564038796,56.880256829262301
1010,90,4.8518323737351903,77.6371988474463
1011,90,7.6358604490690496,60.924088057175197
1012,90,8.0143616361180996,55.150200216768702
1013,90,7.68334559594535,62.785020967259598
1014,90,5.0485027643090499,59.8377982031448
1015,90,5.2404477657509796,52.044507054720299
1016,90,8.0570202519070708,47.067228519448904
1017,90,8.73659200102691,60.277804825255799
1018,90,9.0763803508415197,47.019770465059501
1019,90,10.5656139731237,53.750789694343602
1020,90,4.16115398303132,67.629684153997701
1021,90,6.3132007263223002,58.261073910716597
1022,90,6.0789015945167604,77.434467998804394
1023,90,5.8586348298078299,54.205123980125002
1024,90,7.6079284305773003,79.842925277213496
1025,90,8.59125958177043,55.403527610598402
1026,90,3.8660625134275102,54.816396638317599
1027,90,6.8480259823322296,75.569590170318804
1028,90,8.1938794133945301,56.545429092270403
1029,90,10.316797719973801,79.079542450137097
1030,90,3.4895117168156302,58.8280377730824
1031,90,8.2120325545228194,52.073804974949702
1032,90,7.2015033077492898,61.097002664674299
1033,90,8.4301576578187998,68.355798550048107
1034,90,6.7113635778086298,54.059439134146501
1035,90,8.0881109932942596,47.759176587184598
1036,90,7.6191378638047098,66.931932349031896
1037,90,9.8009256927374402,72.858286255492899
1038,90,10.0798585588139,65.519479402077295
1039,90,9.0210426520831195,66.920143040702001
